{"epoch": 0, "timestamp": "2026-05-14T12:14:19.046965", "d_loss": 0.2694020813703537, "g_loss": 33.852707901000976, "g_adv": 0.3819406670331955, "g_physics": 0.3347076731920242, "g_spectral_l1": 0.18814842879772187, "g_weighted_l1": 0.2930964156985283, "g_param_penalty": 0.0, "g_smoothness": 0.0001739744158112444, "g_derivative": 0.0009293305780738592, "val_l1": 0.14969959013164044, "val_rmse": 0.1872387534379959, "val_sam_rad": 0.17594890989363193, "val_sam_deg": 10.081129946832725, "val_physics_total": 0.265300594419241, "val_spectral_l1": 0.14969959013164044, "val_weighted_l1": 0.23117983758449553, "val_param_penalty": 0.0, "val_smoothness": 0.00020066772602149287, "val_derivative": 0.0009079787705559283, "monitor_metric": "val_physics_total", "monitor_value": 0.265300594419241, "best_monitor_value": 0.265300594419241, "best_epoch": 0, "epochs_without_improvement": 0, "is_best": true}
